{
    "data":{
        "groups":[{
            "start":0,
            "count":216,
            "materialIndex":0
        },{
            "start":216,
            "count":6,
            "materialIndex":1
        },{
            "start":222,
            "count":18,
            "materialIndex":2
        }],
        "index":{
            "array":[3,4,5,6,7,8,9,10,11,12,13,14,15,16,17,18,19,20,21,22,23,24,25,26,27,28,29,30,31,32,33,34,35,36,37,38,39,40,41,42,43,44,45,46,47,48,49,50,51,52,53,54,55,56,57,58,59,60,61,62,63,64,65,66,67,68,69,70,71,72,73,74,78,79,80,81,82,83,84,85,86,87,88,89,90,91,92,96,97,98,99,100,101,102,103,104,105,106,107,108,109,110,114,115,116,117,118,119,123,124,125,126,127,128,129,130,131,132,133,134,135,136,137,18,138,19,21,139,22,24,140,25,27,141,28,30,142,31,33,143,34,36,144,37,39,145,40,42,146,43,45,147,46,48,148,49,51,149,52,54,150,55,57,151,58,60,152,61,63,153,64,66,154,67,69,155,70,72,156,73,78,158,79,81,159,82,160,161,162,87,163,88,90,164,91,96,166,97,99,167,100,102,168,103,105,169,106,108,170,109,114,172,115,117,173,118,0,1,2,120,121,122,75,76,77,93,94,95,111,112,113,75,157,76,93,165,94,111,171,112],
            "type":"Uint16Array",
            "itemSize":1
        },
        "attributes":{
            "uv":{
                "array":[0.886342,0.254291,0.122047,0.811339,0.886342,0.811339,0.137436,0.794987,0.866814,0.259004,0.866815,0.794987,0.640129,0.796749,0.390432,0.78976,0.640129,0.78976,0.782636,0.795006,0.237369,0.788017,0.782636,0.788017,0.390785,0.788297,0.640482,0.795286,0.640482,0.788297,0.787448,0.788017,0.242181,0.795005,0.787448,0.795005,0.441515,0.578739,0.439647,0.382661,0.439647,0.578739,0.441515,0.57892,0.439647,0.382842,0.439647,0.57892,0.441773,0.382661,0.439905,0.578739,0.439905,0.382661,0.441258,0.382426,0.43939,0.578503,0.43939,0.382426,0.840581,0.637949,0.834676,0.414761,0.834676,0.637949,0.404607,0.595821,0.540421,0.380117,0.540421,0.595821,0.858665,0.625949,0.840681,0.449997,0.840681,0.625949,0.874959,0.379579,0.867108,0.676296,0.867108,0.379579,0.858665,0.449997,0.840681,0.625949,0.840681,0.449997,0.385352,0.021863,0.155412,-0.866393,0.155412,0.021863,0.833223,0.669947,0.878257,0.384432,0.878257,0.669947,0.149555,0.452919,0.164843,0.667908,0.164843,0.452919,0.211756,0.653594,0.207084,0.460206,0.207084,0.653594,0.212256,0.459386,0.207584,0.655786,0.207584,0.459386,0.212256,0.460842,0.207584,0.654229,0.207584,0.460842,0.241303,0.257178,0.315881,0.241745,0.241303,0.241745,0.14942,0.667908,0.276863,0.452918,0.276863,0.667908,0.218066,0.25654,0.329658,0.241107,0.218066,0.241107,0.31695,0.25752,0.242371,0.242087,0.31695,0.242087,0.180494,0.387396,0.0981225,0.35426,0.180494,0.35426,0.290365,0.330837,0.252211,0.305338,0.252211,0.330837,0.210825,0.370632,0.334421,0.241237,0.334421,0.370632,0.578744,0.300726,0.625037,0.289593,0.578744,0.289593,0.567977,0.301326,0.634607,0.290194,0.567977,0.290194,0.625408,0.300726,0.579115,0.289593,0.625408,0.289593,0.180133,0.387326,0.0980175,0.353974,0.180133,0.353974,0.76031,0.305652,0.727471,0.282836,0.727471,0.305652,0.560858,0.327076,0.645202,0.229416,0.645202,0.327076,0.578648,0.301323,0.62494,0.290191,0.578648,0.290191,0.568914,0.300876,0.634661,0.289743,0.568914,0.289743,0.625382,0.301085,0.579089,0.289953,0.625382,0.289953,0.180323,0.387481,0.0981594,0.354202,0.18045,0.354202,0.619107,0.304505,0.586704,0.281689,0.586704,0.304505,0.703323,0.332397,0.786587,0.232726,0.786587,0.332397,0.886342,0.254291,0.122046,0.254291,0.122047,0.811339,0.137436,0.794987,0.137436,0.259005,0.866814,0.259004,0.640129,0.796749,0.390432,0.796749,0.390432,0.78976,0.782636,0.795006,0.237369,0.795006,0.237369,0.788017,0.390785,0.788297,0.390785,0.795286,0.640482,0.795286,0.787448,0.788017,0.242181,0.788017,0.242181,0.795005,0.441515,0.382661,0.441515,0.382842,0.441773,0.578739,0.441258,0.578503,0.840581,0.414761,0.404607,0.380117,0.858665,0.449997,0.874959,0.676296,0.858665,0.625949,0.385352,-0.866393,0.833223,0.384432,0.149555,0.667908,0.211756,0.460206,0.212256,0.655786,0.212256,0.654229,0.315881,0.257178,0.14942,0.452918,0.329658,0.25654,0.242371,0.25752,0.0981225,0.387396,0.290365,0.305338,0.210825,0.241237,0.578744,0.300726,0.625037,0.300726,0.625037,0.289593,0.634607,0.301326,0.579115,0.300726,0.0980175,0.387326,0.76031,0.282836,0.560858,0.229416,0.62494,0.301323,0.634661,0.300876,0.579089,0.301085,0.0980333,0.387481,0.619107,0.281689,0.703323,0.232726],
                "type":"Float32Array",
                "itemSize":2
            },